,NOME,VALOR_OUTROS,DATA_LIQ,VALOR_COBRADO,SEU_NUMERO,DATA_VENC,VALOR,VALOR_MORA,VALOR_DESC
5,MERCADO VILANA LTDA,"0,00",01/09/2023,"374,49",41011-3,MN1056771,"365,72","8,77","0,00"
6,AROLDO VEIGA LTDA,"0,00",08/09/2023,"766,57",41155-9,11058381,"766,57","0,00","0,00"
7,DELPONTE COMERCIO DE ALIMENTOS LTDA,"0,00",08/09/2023,"312,10",41157-3,11058392,"312,10","0,00","0,00"
8,DELPONTE COMERCIO DE ALIMENTOS LTDA,"0,00",14/09/2023,"312,18",41158-0,11058393,"312,18","0,00","0,00"
9,MANNO S LOJA LTDA,"0,00",04/09/2023,"1.340,34",41113-0,11057912,"1.340,34","0,00","0,00"
10,MIG ATACADO E VAREJO LTDA,"0,00",08/09/2023,"29.021,56",41159-8,11058401,"29.021,56","0,00","0,00"
11,SUPERMERCADO HILARIO FUCHS LTDA,"0,00",08/09/2023,"363,96",41160-6,11058421,"363,96","0,00","0,00"
12,MIG ATACADO E VAREJO LTDA,"0,00",14/09/2023,"21.083,03",41257-5,11059681,"21.083,03","0,00","0,00"
13,AROLDO VEIGA LTDA,"0,00",18/09/2023,"561,86",41330-9,11060351,"561,86","0,00","0,00"
14,SUPERMERCADO HILARIO FUCHS LTDA,"0,00",21/09/2023,"1.357,91",41327-6,MN1060321,"1.357,91","0,00","0,00"
15,GRANJA GROSSL LTDA,"0,00",01/09/2023,"4.659,62",41347-3,11060581,"4.659,62","0,00","0,00"
16,MANNO S LOJA LTDA,"0,00",26/09/2023,"1.231,38",41425-3,11061631,"1.231,38","0,00","0,00"
17,ADEMAR SUPERMERCADO LTDA,"0,00",25/09/2023,"842,60",41480-9,11062321,"842,60","0,00","0,00"
19,,"0,00",26/09/2023,"390,66",41469-7,11062191,"390,66","0,00","0,00"
5,GRANJA GROSSL LTDA 41519-0,"0,00",20/09/2023,"4.561,28",11062831,25/09/2023,"4.561,28","0,00","0,00"
11,FRIGORIFICO NILSON SPITZNER LTDA 40971-2,"0,00",01/09/2023,"951,60",11056483,01/09/2023,"951,60","0,00","0,00"
12,FRIGORIFICO NILSON SPITZNER LTDA 40972-0,"0,00",08/09/2023,"951,60",11056484,08/09/2023,"951,60","0,00","0,00"
13,AVANTE SUPERMERCADO LTDA 41163-8,"0,00",11/09/2023,"2.434,43",11058441,08/09/2023,"2.434,43","0,00","0,00"
15,41135-1,"0,00",06/09/2023,"641,85",MN1058191,06/09/2023,"641,85","0,00","0,00"
17,MALCIR DONADELLI LTDA 41150-2,"0,00",05/09/2023,"1.796,10",11058321,06/09/2023,"1.796,10","0,00","0,00"
18,MICHELI MILCHESKI & CIA LTDA 41207-7,"0,00",06/09/2023,"2.444,26",11059071,12/09/2023,"2.444,26","0,00","0,00"
20,41248-9,"0,00",22/09/2023,"554,10",11059561,18/09/2023,"541,12","12,98","0,00"
23,41249-6,"0,00",22/09/2023,"550,51",11059571,18/09/2023,"537,61","12,90","0,00"
25,SUPERMERCADO BLASZKOWSKI LTDA 41242-5,"0,00",14/09/2023,"385,19",11059491,14/09/2023,"385,19","0,00","0,00"
26,SUPERMERCADO BLASZKOWSKI LTDA 41243-2,"0,00",14/09/2023,"1.903,24",11059501,14/09/2023,"1.903,24","0,00","0,00"
5,MERCADINHO IRMAOS SCHMITT LTDA 41029-5,"0,00",04/09/2023,"2.406,10",11056882,04/09/2023,"2.406,10","0,00","0,00"
6,MERCADINHO IRMAOS SCHMITT LTDA 41030-3,"0,00",11/09/2023,"2.406,20",11056883,11/09/2023,"2.406,20","0,00","0,00"
7,SUPERMERCADO ALIANDES LTDA 40988-7,"0,00",01/09/2023,"1.502,80",11056552,01/09/2023,"1.502,80","0,00","0,00"
8,SUPERMERCADO ALIANDES LTDA 40989-4,"0,00",08/09/2023,"1.502,80",11056553,08/09/2023,"1.502,80","0,00","0,00"
9,SUPERMERCADO ALIANDES LTDA 41015-2,"0,00",04/09/2023,"1.387,20",11056792,04/09/2023,"1.387,20","0,00","0,00"
10,SUPERMERCADO ALIANDES LTDA 41016-0,"0,00",11/09/2023,"1.387,20",11056793,11/09/2023,"1.387,20","0,00","0,00"
11,SUPERMERCADO ALIANDES LTDA 41018-4,"0,00",04/09/2023,"1.539,10",11056842,04/09/2023,"1.539,10","0,00","0,00"
12,SUPERMERCADO ALIANDES LTDA 41019-1,"0,00",11/09/2023,"1.539,20",11056843,11/09/2023,"1.539,20","0,00","0,00"
13,SUPERMERCADO ALIANDES LTDA 41022-4,"0,00",12/09/2023,"885,20",11056853,11/09/2023,"867,00","18,20","0,00"
14,SUPERMERCADO ALIANDES LTDA 41026-3,"0,00",04/09/2023,"1.286,40",11056872,04/09/2023,"1.286,40","0,00","0,00"
15,SUPERMERCADO ALIANDES LTDA 41027-0,"0,00",11/09/2023,"1.286,60",11056873,11/09/2023,"1.286,60","0,00","0,00"
16,DO ALLE DOCES E EMBALAGENS EIRELI 41076-1,"0,00",06/09/2023,"882,56",11057442,06/09/2023,"882,56","0,00","0,00"
17,SUPERMERCADO ALIANDES LTDA 41069-0,"0,00",06/09/2023,"1.076,70",11057392,06/09/2023,"1.076,70","0,00","0,00"
18,SUPERMERCADO ALIANDES LTDA 41070-8,"0,00",13/09/2023,"1.076,80",11057393,13/09/2023,"1.076,80","0,00","0,00"
6,41111-5,"0,00",05/09/2023,"1.653,60",11057901,08/09/2023,"1.653,60","0,00","0,00"
8,J. COSTA LTDA 41109-0,"0,00",01/09/2023,"323,00",11057871,01/09/2023,"323,00","0,00","0,00"
9,MERCADO DROZCZAK LTDA 41107-5,"0,00",04/09/2023,"481,05",11057851,31/08/2023,"469,79","11,26","0,00"
10,MERCADO UNIAO UM LTDA 41104-3,"0,00",05/09/2023,"569,07",11057811,31/08/2023,"555,20","13,87","0,00"
12,41098-3,"0,00",01/09/2023,"333,64",11057731,31/08/2023,"326,79","6,85","0,00"
14,RUBENS JOSE WERCKA & CIA LTDA 41108-2,"0,00",01/09/2023,"1.131,60",11057861,01/09/2023,"1.131,60","0,00","0,00"
15,BUREI SUPERMERCADOS LTDA 41127-2,"0,00",04/09/2023,"3.037,32",11058101,06/09/2023,"3.037,32","0,00","0,00"
17,41131-2,"0,00",08/09/2023,"464,63",11058151,06/09/2023,"454,64","9,99","0,00"
20,41141-6,"0,00",04/09/2023,"789,19",11058221,06/09/2023,"789,19","0,00","0,00"
22,CHAPADA COMERCIO DE ALIMENTOS EIRELI 41188-1,"0,00",15/09/2023,"6.607,42",11058761,15/09/2023,"6.607,42","0,00","0,00"
23,CLARI DE SOUZA SMOLSKI 41167-7,"0,00",08/09/2023,"1.009,84",11058501,08/09/2023,"1.009,84","0,00","0,00"
24,DAVILLA SUPERMERCADO LTDA 41161-3,"0,00",11/09/2023,"3.058,00",11058431,08/09/2023,"3.058,00","0,00","0,00"
25,DAVILLA SUPERMERCADO LTDA 41162-0,"0,00",14/09/2023,"3.058,06",11058432,14/09/2023,"3.058,06","0,00","0,00"
26,ITAPLAS EMBALAGENS LTDA 41154-1,"0,00",08/09/2023,"963,52",11058371,08/09/2023,"963,52","0,00","0,00"
5,JGS MERCEARIA LTDA 41139-0,"0,00",06/09/2023,"360,03",11058201,06/09/2023,"360,03","0,00","0,00"
7,41137-6,"0,00",01/09/2023,"1.827,80",11058192,06/09/2023,"1.827,80","0,00","0,00"
10,41138-3,"0,00",11/09/2023,"1.827,88",11058193,13/09/2023,"1.827,88","0,00","0,00"
12,JUSSARA LECH - SUPERMERCADO 41120-1,"0,00",06/09/2023,"878,37",11058031,06/09/2023,"878,37","0,00","0,00"
13,JUSSARA LECH - SUPERMERCADO 41121-9,"0,00",06/09/2023,"2.784,90",11058041,06/09/2023,"2.784,90","0,00","0,00"
15,41170-0,"0,00",08/09/2023,"1.367,84",11058541,08/09/2023,"1.367,84","0,00","0,00"
18,41175-6,"0,00",08/09/2023,"744,49",11058591,08/09/2023,"744,49","0,00","0,00"
21,41176-3,"0,00",08/09/2023,"590,28",11058601,08/09/2023,"590,28","0,00","0,00"
23,MERCADINHO E ACOUGUE THAIS LTDA 41173-1,"0,00",08/09/2023,"534,28",MN1058571,08/09/2023,"534,28","0,00","0,00"
24,MERCADO ARMIN LTDA 41115-4,"0,00",05/09/2023,"310,19",11057931,05/09/2023,"310,19","0,00","0,00"
25,MERCADO ARMIN LTDA 41187-4,"0,00",08/09/2023,"1.796,73",MN1058771,08/09/2023,"1.796,73","0,00","0,00"
26,MERCADO ELITE LTDA 41186-7,"0,00",12/09/2023,"686,49",MN1058761,08/09/2023,"670,41","16,08","0,00"
27,MIG ATACADO E VAREJO LTDA 41174-9,"0,00",08/09/2023,"3.899,80",11058581,08/09/2023,"3.899,80","0,00","0,00"
28,MINIPRECO MERCADO E ACOUGUE LTDA 41166-0,"0,00",14/09/2023,"1.750,73",11058471,14/09/2023,"1.750,73","0,00","0,00"
5,MINIPRECO MERCADO E ACOUGUE LTDA 41169-1,"0,00",14/09/2023,"1.307,74",MN1058541,14/09/2023,"1.307,74","0,00","0,00"
6,MINIPRECO MERCADO E ACOUGUE LTDA 41171-7,"0,00",14/09/2023,"302,62",11058551,14/09/2023,"302,62","0,00","0,00"
7,MINIPRECO MERCADO E ACOUGUE LTDA 41172-4,"0,00",14/09/2023,"677,32",11058561,14/09/2023,"677,32","0,00","0,00"
9,41132-0,"0,00",06/09/2023,"567,30",11058161,06/09/2023,"567,30","0,00","0,00"
12,41133-7,"0,00",13/09/2023,"567,40",11058162,13/09/2023,"567,40","0,00","0,00"
14,MMV COMERCIO DE PLASTICOS LTDA 41128-0,"0,00",06/09/2023,"584,55",11058111,06/09/2023,"584,55","0,00","0,00"
16,41149-4,"0,00",04/09/2023,"3.167,29",MN1058321,06/09/2023,"3.167,29","0,00","0,00"
19,41164-5,"0,00",13/09/2023,"514,21",11058451,08/09/2023,"501,68","12,53","0,00"
21,RROBA CHURRASCARIA LTDA 41134-4,"0,00",06/09/2023,"300,00",11058181,06/09/2023,"300,00","0,00","0,00"
22,SAO BENTO ALIMENTOS E EVENTOS LTDA 41183-5,"0,00",04/09/2023,"566,40",11058711,08/09/2023,"566,40","0,00","0,00"
23,SCHMIDT & CIA LTDA 41143-0,"0,00",06/09/2023,"1.364,24",MN1058261,06/09/2023,"1.364,24","0,00","0,00"
24,SCHMIDT & CIA LTDA 41144-8,"0,00",13/09/2023,"1.364,24",MN1058262,13/09/2023,"1.364,24","0,00","0,00"
25,SCHMIDT & CIA LTDA 41145-5,"0,00",20/09/2023,"1.364,23",MN1058263,20/09/2023,"1.364,23","0,00","0,00"
27,41180-3,"0,00",08/09/2023,"441,85",11058681,08/09/2023,"441,85","0,00","0,00"
5,SILVA COSTA MERCADO LTDA 41142-3,"0,00",06/09/2023,"357,16",11058231,06/09/2023,"357,16","0,00","0,00"
6,SUPER COMPRAS & CIA LTDA 41152-7,"0,00",06/09/2023,"3.592,68",MN1058361,06/09/2023,"3.592,68","0,00","0,00"
7,SUPERILHA SUPERMERCADO LTDA 41140-9,"0,00",06/09/2023,"319,00",11058211,06/09/2023,"319,00","0,00","0,00"
8,SUPERMERCADO BOM DIA UM LTDA 41123-3,"0,00",06/09/2023,"2.063,02",MN1058101,06/09/2023,"2.063,02","0,00","0,00"
9,SUPERMERCADO CHIPITOSKI LTDA 41116-1,"0,00",06/09/2023,"5.846,42",MN1057981,06/09/2023,"5.846,42","0,00","0,00"
10,SUPERMERCADO DUAS MENINAS LTDA 41129-7,"0,00",06/09/2023,"354,00",11058121,06/09/2023,"354,00","0,00","0,00"
11,SUPERMERCADO REVIWER LTDA 41126-5,"0,00",04/09/2023,"862,14",11058091,06/09/2023,"862,14","0,00","0,00"
12,SUPERMERCADO SOL E MAR EIRELI 41168-4,"0,00",08/09/2023,"559,03",11058511,08/09/2023,"559,03","0,00","0,00"
13,SUPERMERCADO TA NA MAO LTDA 41114-7,"0,00",04/09/2023,"329,97",11057921,04/09/2023,"329,97","0,00","0,00"
14,SUPERMERCADOS BARCELON LTDA 41146-2,"0,00",06/09/2023,"1.870,48",11058261,06/09/2023,"1.870,48","0,00","0,00"
15,SUPERMERCADOS BARCELON LTDA 41147-0,"0,00",06/09/2023,"795,00",11058271,06/09/2023,"795,00","0,00","0,00"
16,TREVO LTDA 41179-5,"0,00",06/09/2023,"1.830,31",11058661,08/09/2023,"1.830,31","0,00","0,00"
17,ACOUGUE RIO NEGRINHO LTDA 41255-0,"0,00",11/09/2023,"439,64",11059621,14/09/2023,"439,64","0,00","0,00"
18,ANGELA CABRAL SAKURAI LTDA 41237-8,"0,00",13/09/2023,"610,31",11059431,13/09/2023,"610,31","0,00","0,00"
5,ANGELA CABRAL SAKURAI LTDA 41238-5,"0,00",13/09/2023,"2.638,42",11059451,13/09/2023,"2.638,42","0,00","0,00"
6,ANGELA CABRAL SAKURAI LTDA 41250-4,"0,00",13/09/2023,"1.634,10",11059441,13/09/2023,"1.634,10","0,00","0,00"
7,ASSIS SUPERMERCADOS LTDA 41230-7,"0,00",12/09/2023,"1.823,81",11059361,13/09/2023,"1.823,81","0,00","0,00"
8,ASSIS SUPERMERCADOS LTDA 41231-4,"0,00",12/09/2023,"2.597,30",11059371,13/09/2023,"2.597,30","0,00","0,00"
9,ASSIS SUPERMERCADOS LTDA 41232-1,"0,00",12/09/2023,"3.501,36",11059381,13/09/2023,"3.501,36","0,00","0,00"
10,ASSIS SUPERMERCADOS LTDA 41233-9,"0,00",12/09/2023,"1.656,23",11059391,13/09/2023,"1.656,23","0,00","0,00"
11,EDENILSON DE OLIVEIRA 41191-4,"0,00",11/09/2023,"796,51",MN1058791,11/09/2023,"796,51","0,00","0,00"
12,EDUARDO COPPI 41224-2,"0,00",15/09/2023,"818,92",11059291,13/09/2023,"801,30","17,62","0,00"
14,41220-3,"0,00",13/09/2023,"1.310,51",MN1059271,13/09/2023,"1.310,51","0,00","0,00"
16,FUTURITTY SUPERMERCADO LTDA 41227-4,"0,00",13/09/2023,"502,56",11059321,13/09/2023,"502,56","0,00","0,00"
17,FUTURITTY SUPERMERCADO LTDA 41228-1,"0,00",13/09/2023,"598,84",11059331,13/09/2023,"598,84","0,00","0,00"
19,41251-1,"0,00",14/09/2023,"1.804,10",11059581,14/09/2023,"1.804,10","0,00","0,00"
21,JANAINA APARECIDA TOLEDO 41222-8,"0,00",13/09/2023,"406,70",11059281,13/09/2023,"406,70","0,00","0,00"
22,JANAINA APARECIDA TOLEDO 41223-5,"0,00",21/09/2023,"415,27",11059282,20/09/2023,"406,74","8,53","0,00"
6,41239-2,"0,00",14/09/2023,"680,80",11059461,14/09/2023,"680,80","0,00","0,00"
9,41240-0,"0,00",14/09/2023,"500,57",11059471,14/09/2023,"500,57","0,00","0,00"
11,MERCADO ARMIN LTDA 41247-1,"0,00",14/09/2023,"523,78",11059551,14/09/2023,"523,78","0,00","0,00"
12,MERCADO ARMIN LTDA 41252-9,"0,00",14/09/2023,"307,38",11059591,14/09/2023,"307,38","0,00","0,00"
13,MERCADO ARMIN LTDA 41253-6,"0,00",14/09/2023,"637,79",11059541,14/09/2023,"637,79","0,00","0,00"
14,MERCADO COLINA LTDA 41256-8,"0,00",12/09/2023,"553,75",11059631,14/09/2023,"553,75","0,00","0,00"
15,MERCADO L.D. SANTOS LTDA 41198-5,"0,00",12/09/2023,"450,03",11058951,12/09/2023,"450,03","0,00","0,00"
16,MERCADO L.D. SANTOS LTDA 41199-2,"0,00",12/09/2023,"415,23",11058981,12/09/2023,"415,23","0,00","0,00"
17,MERCADO L.D. SANTOS LTDA 41200-6,"0,00",12/09/2023,"1.120,30",MN1058991,12/09/2023,"1.120,30","0,00","0,00"
18,MERCADO PA EIRELI 41225-0,"0,00",13/09/2023,"407,77",11059301,13/09/2023,"407,77","0,00","0,00"
19,MERCADO RUBENS LTDA 41245-7,"0,00",14/09/2023,"1.280,38",11059521,14/09/2023,"1.280,38","0,00","0,00"
20,MERCADO RUBENS LTDA 41246-4,"0,00",14/09/2023,"235,14",11059531,14/09/2023,"235,14","0,00","0,00"
21,MERCADO ZOREK E GROSSKOPF LTDA 41216-3,"0,00",08/09/2023,"583,46",11059211,13/09/2023,"583,46","0,00","0,00"
22,MICHELI MILCHESKI & CIA LTDA 41202-0,"0,00",11/09/2023,"348,00",11059021,12/09/2023,"348,00","0,00","0,00"
5,MICHELI MILCHESKI & CIA LTDA 41204-5,"0,00",04/09/2023,"1.050,43",11059041,12/09/2023,"1.050,43","0,00","0,00"
6,MICHELI MILCHESKI & CIA LTDA 41205-2,"0,00",04/09/2023,"522,00",11059051,12/09/2023,"522,00","0,00","0,00"
7,MICHELI MILCHESKI & CIA LTDA 41206-0,"0,00",04/09/2023,"1.798,15",11059061,12/09/2023,"1.798,15","0,00","0,00"
8,MICHELI MILCHESKI & CIA LTDA 41208-4,"0,00",11/09/2023,"395,09",11059081,12/09/2023,"395,09","0,00","0,00"
9,MINERSOL SUPERMERCADOS LTDA 41197-8,"0,00",12/09/2023,"1.051,78",11058941,12/09/2023,"1.051,78","0,00","0,00"
10,MINIMERCADO JVRT LTDA 41210-0,"0,00",12/09/2023,"1.618,99",MN1059121,12/09/2023,"1.618,99","0,00","0,00"
12,41254-3,"0,00",14/09/2023,"619,01",11059611,14/09/2023,"619,01","0,00","0,00"
14,PANIFICADORA PAES SCHUEDA LTDA 41201-3,"0,00",05/09/2023,"1.070,26",11059011,05/09/2023,"1.070,26","0,00","0,00"
15,SAULO FIGURA 41213-1,"0,00",13/09/2023,"314,49",11059181,13/09/2023,"314,49","0,00","0,00"
16,SILVANA HOPFNER 41229-9,"0,00",13/09/2023,"1.121,44",MN1059361,13/09/2023,"1.121,44","0,00","0,00"
17,SOARES AVENIDA SUPERMERCADO LTDA 41212-4,"0,00",13/09/2023,"2.367,12",11059171,13/09/2023,"2.367,12","0,00","0,00"
18,SUPERMERCADO AMANBERT LTDA 41196-0,"0,00",11/09/2023,"791,95",11058921,12/09/2023,"791,95","0,00","0,00"
19,SUPERMERCADO BRUDA LTDA 41211-7,"0,00",13/09/2023,"6.446,84",11059161,13/09/2023,"6.446,84","0,00","0,00"
20,SUPERMERCADO CAROL LTDA 41221-0,"0,00",20/09/2023,"17.994,00",11059271,20/09/2023,"17.994,00","0,00","0,00"
5,SUPERMERCADO EUGENIO STEIDEL LTDA. 41234-6,"0,00",13/09/2023,"1.961,94",MN1059431,13/09/2023,"1.961,94","0,00","0,00"
6,SUPERMERCADO EUGENIO STEIDEL LTDA. 41235-3,"0,00",20/09/2023,"1.961,94",MN1059432,20/09/2023,"1.961,94","0,00","0,00"
7,SUPERMERCADO EUGENIO STEIDEL LTDA. 41236-0,"0,00",27/09/2023,"1.961,95",MN1059433,27/09/2023,"1.961,95","0,00","0,00"
8,SUPERMERCADO HAAG LTDA 41214-9,"0,00",13/09/2023,"1.265,10",11059191,13/09/2023,"1.265,10","0,00","0,00"
9,SUPERMERCADO PMM LTDA 41217-0,"0,00",13/09/2023,"518,05",11059221,13/09/2023,"518,05","0,00","0,00"
10,SUPERMERCADO RONCHI LTDA 41219-5,"0,00",13/09/2023,"2.243,29",11059241,13/09/2023,"2.243,29","0,00","0,00"
11,SUPERMERCADO UNIAO LTDA 41192-1,"0,00",11/09/2023,"801,42",11058801,11/09/2023,"801,42","0,00","0,00"
12,SUPERMERCADO UNIAO LTDA 41194-6,"0,00",11/09/2023,"488,52",11058821,11/09/2023,"488,52","0,00","0,00"
14,41258-2,"0,00",15/09/2023,"698,10",11059691,15/09/2023,"698,10","0,00","0,00"
17,41259-0,"0,00",22/09/2023,"698,22",11059692,22/09/2023,"698,22","0,00","0,00"
19,DOCA PADARIA E MINI-MERCADO LTDA 41276-5,"0,00",15/09/2023,"527,91",11059801,15/09/2023,"527,91","0,00","0,00"
20,DOCA PADARIA E MINI-MERCADO LTDA 41277-2,"0,00",22/09/2023,"527,91",11059802,22/09/2023,"527,91","0,00","0,00"
21,DOCA PADARIA E MINI-MERCADO LTDA 41278-0,"0,00",15/09/2023,"602,93",11059811,15/09/2023,"602,93","0,00","0,00"
22,DOCA PADARIA E MINI-MERCADO LTDA 41279-7,"0,00",22/09/2023,"602,77",11059812,22/09/2023,"602,77","0,00","0,00"
5,DOCA PADARIA E MINI-MERCADO LTDA 41280-5,"0,00",15/09/2023,"897,00",11059821,15/09/2023,"897,00","0,00","0,00"
6,DOCA PADARIA E MINI-MERCADO LTDA 41281-2,"0,00",22/09/2023,"897,00",11059822,22/09/2023,"897,00","0,00","0,00"
7,DOCA PADARIA E MINI-MERCADO LTDA 41282-0,"0,00",15/09/2023,"629,22",11059831,15/09/2023,"629,22","0,00","0,00"
8,DOCA PADARIA E MINI-MERCADO LTDA 41283-7,"0,00",22/09/2023,"629,18",11059832,22/09/2023,"629,18","0,00","0,00"
10,41264-7,"0,00",15/09/2023,"826,80",11059741,15/09/2023,"826,80","0,00","0,00"
13,41265-4,"0,00",21/09/2023,"826,80",11059742,22/09/2023,"826,80","0,00","0,00"
16,41266-1,"0,00",15/09/2023,"1.280,70",11059751,15/09/2023,"1.280,70","0,00","0,00"
19,41267-9,"0,00",22/09/2023,"1.280,83",11059752,22/09/2023,"1.280,83","0,00","0,00"
22,41286-9,"0,00",19/09/2023,"416,40",11059861,19/09/2023,"416,40","0,00","0,00"
25,41287-6,"0,00",26/09/2023,"416,40",11059862,26/09/2023,"416,40","0,00","0,00"
27,HORTIFRUTI RIO BONITO LTDA 41262-2,"0,00",15/09/2023,"538,20",11059721,15/09/2023,"538,20","0,00","0,00"
28,LUIZ A GALVAO LTDA 41268-6,"0,00",14/09/2023,"1.318,80",11059761,15/09/2023,"1.318,80","0,00","0,00"
29,LUIZ A GALVAO LTDA 41269-3,"0,00",21/09/2023,"1.318,80",11059762,22/09/2023,"1.318,80","0,00","0,00"
30,LUIZ A GALVAO LTDA 41270-1,"0,00",28/09/2023,"1.318,90",11059763,29/09/2023,"1.318,90","0,00","0,00"
5,MARIZETE DA SILVA BOBATO & CIA LTDA 41271-9,"0,00",15/09/2023,"1.157,04",11059771,15/09/2023,"1.157,04","0,00","0,00"
6,MERCADO VITORIA LTDA 41273-3,"0,00",15/09/2023,"1.325,87",MN1059851,15/09/2023,"1.325,87","0,00","0,00"
7,SUPERMERCADO BOI GORDO LTDA 41274-0,"0,00",15/09/2023,"1.799,40",11059841,15/09/2023,"1.799,40","0,00","0,00"
8,SUPERMERCADO BOI GORDO LTDA 41275-8,"0,00",22/09/2023,"1.799,40",11059842,22/09/2023,"1.799,40","0,00","0,00"
9,SUPERMERCADO FARIAS LTDA 41263-0,"0,00",14/09/2023,"466,45",11059731,15/09/2023,"466,45","0,00","0,00"
10,SUPERMERCADO RERMI LTDA 41272-6,"0,00",15/09/2023,"1.209,66",11059781,15/09/2023,"1.209,66","0,00","0,00"
11,ASS DE CARIDADE S VICENTE DE PAULO 41332-3,"0,00",21/09/2023,"869,22",11060371,21/09/2023,"869,22","0,00","0,00"
12,AVANTE MIX SUPERMERCADO LTDA 41333-0,"0,00",21/09/2023,"2.376,10",11060381,21/09/2023,"2.376,10","0,00","0,00"
13,CASA DE CARNES CM LTDA 41323-7,"0,00",21/09/2023,"636,10",MN1060281,20/09/2023,"623,02","13,08","0,00"
15,41294-8,"0,00",20/09/2023,"881,89",11059941,20/09/2023,"881,89","0,00","0,00"
18,41295-5,"0,00",27/09/2023,"682,50",11059942,27/09/2023,"682,50","0,00","0,00"
20,COMERCIAL VILA DO PRINCIPE LTDA 41320-5,"0,00",18/09/2023,"913,03",MN1060221,20/09/2023,"913,03","0,00","0,00"
21,HANTSCHEL EMBUTIDOS LTDA 41337-0,"0,00",21/09/2023,"316,90",11060451,21/09/2023,"316,90","0,00","0,00"
22,ITAPLAS EMBALAGENS LTDA 41329-0,"0,00",21/09/2023,"952,40",11060341,21/09/2023,"952,40","0,00","0,00"
5,JUSSARA LECH - SUPERMERCADO 41290-9,"0,00",20/09/2023,"3.237,70",MN1059911,20/09/2023,"3.237,70","0,00","0,00"
7,41297-0,"0,00",20/09/2023,"426,45",11059961,20/09/2023,"426,45","0,00","0,00"
10,41298-7,"0,00",20/09/2023,"414,32",11059971,20/09/2023,"414,32","0,00","0,00"
12,MARCELO BARCZAK - SUPERMERCADO 41291-6,"0,00",15/09/2023,"1.844,96",MN1059941,20/09/2023,"1.844,96","0,00","0,00"
13,MARCELO BARCZAK - SUPERMERCADO 41292-3,"0,00",26/09/2023,"1.844,96",MN1059942,27/09/2023,"1.844,96","0,00","0,00"
14,MATEUS AUGUSTO PADILHA ME 41336-2,"0,00",21/09/2023,"538,09",11060441,21/09/2023,"538,09","0,00","0,00"
15,MERCADO ARMIN LTDA 41338-7,"0,00",21/09/2023,"1.990,68",MN1060491,21/09/2023,"1.990,68","0,00","0,00"
16,MERCADO E ACOUGUE AVENIDA LTDA 41296-2,"0,00",20/09/2023,"383,88",11059951,20/09/2023,"383,88","0,00","0,00"
17,MERCADO E ACOUGUE CHALLELA LTDA 41321-2,"0,00",27/09/2023,"2.192,31",11060221,27/09/2023,"2.192,31","0,00","0,00"
18,MERCADO ELITE LTDA 41339-4,"0,00",25/09/2023,"409,76",11060491,21/09/2023,"400,16","9,60","0,00"
20,41316-5,"0,00",20/09/2023,"1.441,61",MN1060181,20/09/2023,"1.441,61","0,00","0,00"
22,ORLANDO MUSSI FARAH & CIA LTDA 41310-1,"0,00",14/09/2023,"1.015,73",MN1060162,27/09/2023,"1.015,73","0,00","0,00"
23,ORLANDO MUSSI FARAH & CIA LTDA 41311-9,"0,00",19/09/2023,"1.015,72",MN1060163,04/10/2023,"1.015,72","0,00","0,00"
24,SACOLAO E VAREJO VERDURAMA LTDA 41302-2,"0,00",20/09/2023,"492,62",MN1060051,20/09/2023,"492,62","0,00","0,00"
5,SUPERMERCADO BRUDA LTDA 41315-8,"0,00",20/09/2023,"6.642,86",11060131,20/09/2023,"6.642,86","0,00","0,00"
6,SUPERMERCADO CHIPITOSKI LTDA 41304-7,"0,00",18/09/2023,"6.169,57",MN1060071,20/09/2023,"6.169,57","0,00","0,00"
7,SUPERMERCADO DUKELLI LTDA 41301-5,"0,00",20/09/2023,"407,53",MN1060011,20/09/2023,"407,53","0,00","0,00"
8,SUPERMERCADO MOINHO MARKET LTDA 41299-4,"0,00",13/09/2023,"558,80",11060001,13/09/2023,"558,80","0,00","0,00"
9,SUPERMERCADO MOINHO MARKET LTDA 41300-8,"0,00",20/09/2023,"558,97",11060002,20/09/2023,"558,97","0,00","0,00"
10,SUPERMERCADO REVIWER LTDA 41303-0,"0,00",18/09/2023,"6.893,51",MN1060061,20/09/2023,"6.893,51","0,00","0,00"
11,SUPERMERCADOS BARCELON LTDA 41319-7,"0,00",20/09/2023,"1.506,91",MN1060201,20/09/2023,"1.506,91","0,00","0,00"
12,TREVO LTDA 41335-5,"0,00",20/09/2023,"1.261,64",11060421,21/09/2023,"1.261,64","0,00","0,00"
13,TURKOT & CIA. LTDA 41305-4,"0,00",20/09/2023,"954,48",MN1060131,20/09/2023,"954,48","0,00","0,00"
14,CENTERPLAST LTDA 41352-0,"0,00",18/09/2023,"427,40",11060631,18/09/2023,"427,40","0,00","0,00"
15,DENISE VIEIRA EIRELI 41342-7,"0,00",13/09/2023,"748,36",11060521,13/09/2023,"748,36","0,00","0,00"
17,41341-0,"0,00",22/09/2023,"362,10",11060502,22/09/2023,"362,10","0,00","0,00"
19,SUPERMERCADO UNIAO LTDA 41349-8,"0,00",25/09/2023,"1.536,76",11060601,25/09/2023,"1.536,76","0,00","0,00"
20,SUPERMERCADO UNIAO LTDA 41350-6,"0,00",25/09/2023,"681,55",11060611,25/09/2023,"681,55","0,00","0,00"
5,ADINALDO ALVES RIBEIRO & CIA LTDA 41376-7,"0,00",27/09/2023,"1.254,63",MN1061021,27/09/2023,"1.254,63","0,00","0,00"
6,ALICE ALBINO LTDA 41414-2,"0,00",27/09/2023,"12.453,52",MN1061481,27/09/2023,"12.453,52","0,00","0,00"
7,ANDRE LUIS MERCADO LTDA 41432-5,"0,00",29/09/2023,"334,80",11061691,29/09/2023,"334,80","0,00","0,00"
8,CONFIANCA COMERCIO DE BEBIDAS LTDA 41423-9,"0,00",21/09/2023,"826,34",11061621,21/09/2023,"826,34","0,00","0,00"
9,DO ALLE DOCES E EMBALAGENS EIRELI 41395-7,"0,00",27/09/2023,"657,78",11061221,27/09/2023,"657,78","0,00","0,00"
10,GIACOMINI SUPERMERCADOS LTDA 41387-8,"0,00",27/09/2023,"984,10",11061151,27/09/2023,"984,10","0,00","0,00"
11,ISHII COMERCIO DE ALIMENTOS EIRELI 41354-5,"0,00",26/09/2023,"463,88",11060721,26/09/2023,"463,88","0,00","0,00"
12,JOLIFESTAS PAES E DOCES LTDA 41396-4,"0,00",27/09/2023,"802,80",11061231,27/09/2023,"802,80","0,00","0,00"
13,JULIAN ODACHOWOSKI & FILHOS LTDA 41417-4,"0,00",27/09/2023,"1.219,27",MN1061541,27/09/2023,"1.219,27","0,00","0,00"
14,LOJA DE CONVENIENCIAS PLANALTO LTDA 41394-0,"0,00",27/09/2023,"638,03",11061211,27/09/2023,"638,03","0,00","0,00"
16,41421-4,"0,00",28/09/2023,"663,80",11061581,28/09/2023,"663,80","0,00","0,00"
19,41422-1,"0,00",28/09/2023,"852,83",11061591,28/09/2023,"852,83","0,00","0,00"
21,MARIA ILZA RITZMANN 41444-3,"0,00",28/09/2023,"676,53",MN1061871,28/09/2023,"676,53","0,00","0,00"
22,MB SUPERMERCADO EIRELI 41410-3,"0,00",20/09/2023,"910,42",MN1061401,20/09/2023,"910,42","0,00","0,00"
5,MEG SUPERMERCADOS EIRELI 41440-4,"0,00",28/09/2023,"2.016,23",MN1061831,28/09/2023,"2.016,23","0,00","0,00"
6,MEG SUPERMERCADOS EIRELI 41442-9,"0,00",28/09/2023,"2.016,23",MN1061841,28/09/2023,"2.016,23","0,00","0,00"
7,MERCADO DAMASO DA SILVEIRA LTDA 41418-1,"0,00",25/09/2023,"692,92",MN1061551,27/09/2023,"692,92","0,00","0,00"
8,MERCADO L.D. SANTOS LTDA 41358-4,"0,00",26/09/2023,"824,68",MN1060801,26/09/2023,"824,68","0,00","0,00"
9,MERCADO L.D. SANTOS LTDA 41360-0,"0,00",26/09/2023,"1.376,22",MN1060821,26/09/2023,"1.376,22","0,00","0,00"
10,MERCADO L.D. SANTOS LTDA 41362-4,"0,00",26/09/2023,"354,00",11060871,26/09/2023,"354,00","0,00","0,00"
11,MERCADO L.D. SANTOS LTDA 41372-8,"0,00",26/09/2023,"4.263,65",MN1060981,26/09/2023,"4.263,65","0,00","0,00"
12,MERCADO ZOREK E GROSSKOPF LTDA 41415-0,"0,00",25/09/2023,"332,51",11061481,27/09/2023,"332,51","0,00","0,00"
13,MICHELI MILCHESKI & CIA LTDA 41364-9,"0,00",18/09/2023,"811,93",11060891,26/09/2023,"811,93","0,00","0,00"
14,MICHELI MILCHESKI & CIA LTDA 41365-6,"0,00",18/09/2023,"220,16",11060901,26/09/2023,"220,16","0,00","0,00"
15,MICHELI MILCHESKI & CIA LTDA 41366-3,"0,00",18/09/2023,"1.327,41",11060911,26/09/2023,"1.327,41","0,00","0,00"
16,MICHELI MILCHESKI & CIA LTDA 41367-0,"0,00",18/09/2023,"2.132,77",11060921,26/09/2023,"2.132,77","0,00","0,00"
17,MICHELI MILCHESKI & CIA LTDA 41368-8,"0,00",25/09/2023,"1.143,01",11060931,26/09/2023,"1.143,01","0,00","0,00"
18,MICHELI MILCHESKI & CIA LTDA 41369-5,"0,00",25/09/2023,"520,20",11060941,26/09/2023,"520,20","0,00","0,00"
5,MICHELI MILCHESKI & CIA LTDA 41370-3,"0,00",25/09/2023,"323,44",11060951,26/09/2023,"323,44","0,00","0,00"
6,MICHELI MILCHESKI & CIA LTDA 41371-0,"0,00",25/09/2023,"1.254,48",11060961,26/09/2023,"1.254,48","0,00","0,00"
7,MIGUEL GONTAREK NETO 41403-1,"0,00",21/09/2023,"350,69",MN1061341,20/09/2023,"343,49","7,20","0,00"
8,MIGUEL GONTAREK NETO 41404-9,"0,00",26/09/2023,"343,49",MN1061342,27/09/2023,"343,49","0,00","0,00"
9,MINERSOL SUPERMERCADOS LTDA 41374-2,"0,00",20/09/2023,"727,30",11060991,20/09/2023,"727,30","0,00","0,00"
10,MINERSOL SUPERMERCADOS LTDA 41375-0,"0,00",27/09/2023,"727,41",11060992,27/09/2023,"727,41","0,00","0,00"
11,MINIMERCADO JVRT LTDA 41373-5,"0,00",26/09/2023,"1.689,37",MN1060991,26/09/2023,"1.689,37","0,00","0,00"
12,OVERSUP SUPERMERCADOS LTDA 41353-8,"0,00",26/09/2023,"1.770,42",11060711,26/09/2023,"1.770,42","0,00","0,00"
13,PANIFICADORA PAES SCHUEDA LTDA 41359-1,"0,00",19/09/2023,"2.023,13",11060801,19/09/2023,"2.023,13","0,00","0,00"
14,PAULO TOKARSKI & CIA LTDA 41390-0,"0,00",27/09/2023,"1.588,40",11061171,27/09/2023,"1.588,40","0,00","0,00"
15,RENATO PERUCI EIRELI 41392-5,"0,00",28/09/2023,"505,24",11061181,27/09/2023,"494,86","10,38","0,00"
16,RROBA CHURRASCARIA LTDA 41411-0,"0,00",27/09/2023,"300,00",11061401,27/09/2023,"300,00","0,00","0,00"
17,RUBENS JOSE WERCKA & CIA LTDA 41437-1,"0,00",28/09/2023,"847,50",11061781,28/09/2023,"847,50","0,00","0,00"
18,RUBENS JOSE WERCKA & CIA LTDA 41438-9,"0,00",28/09/2023,"700,15",11061791,28/09/2023,"700,15","0,00","0,00"
5,RUBENS JOSE WERCKA & CIA LTDA 41439-6,"0,00",28/09/2023,"429,16",11061801,28/09/2023,"429,16","0,00","0,00"
7,41355-2,"0,00",25/09/2023,"535,84",11060731,26/09/2023,"535,84","0,00","0,00"
9,SAULO FIGURA 41406-3,"0,00",27/09/2023,"548,35",11061341,27/09/2023,"548,35","0,00","0,00"
10,SOARES AVENIDA SUPERMERCADO LTDA 41397-1,"0,00",27/09/2023,"1.797,43",MN1061291,27/09/2023,"1.797,43","0,00","0,00"
11,SUPERMERCADO BRUDA LTDA 41401-7,"0,00",27/09/2023,"22.798,69",11061291,27/09/2023,"22.798,69","0,00","0,00"
12,SUPERMERCADO CASTELO LTDA 41434-0,"0,00",25/09/2023,"1.033,73",11061721,28/09/2023,"1.033,73","0,00","0,00"
13,SUPERMERCADO CASTELO LTDA 41435-7,"0,00",25/09/2023,"1.034,54",11061731,28/09/2023,"1.034,54","0,00","0,00"
14,SUPERMERCADO EUGENIO STEIDEL LTDA. 41393-2,"0,00",27/09/2023,"2.390,84",11061201,27/09/2023,"2.390,84","0,00","0,00"
15,SUPERMERCADO HAAG LTDA 41398-9,"0,00",27/09/2023,"907,29",11061241,27/09/2023,"907,29","0,00","0,00"
16,SUPERMERCADO LIESCH LTDA 41384-6,"0,00",27/09/2023,"3.608,69",MN1061131,27/09/2023,"3.608,69","0,00","0,00"
17,SUPERMERCADO MAGNABOSCO EIRELI 41378-1,"0,00",27/09/2023,"3.463,02",MN1061051,27/09/2023,"3.463,02","0,00","0,00"
18,SUPERMERCADO MAGNABOSCO EIRELI 41381-4,"0,00",27/09/2023,"315,73",11061051,27/09/2023,"315,73","0,00","0,00"
19,SUPERMERCADO MAGNABOSCO EIRELI 41382-1,"0,00",27/09/2023,"315,73",11061061,27/09/2023,"315,73","0,00","0,00"
20,SUPERMERCADO REVIWER LTDA 41389-2,"0,00",26/09/2023,"593,60",11061161,27/09/2023,"593,60","0,00","0,00"
5,SUPERMERCADO SAO MIGUEL LTDA 41386-0,"0,00",19/09/2023,"2.281,20",MN1061151,27/09/2023,"2.281,20","0,00","0,00"
6,SUPERMERCADO TOCHETTO LTDA 41416-7,"0,00",27/09/2023,"478,43",11061491,27/09/2023,"478,43","0,00","0,00"
7,SUPERMERCADOS HP LTDA 41383-9,"0,00",26/09/2023,"2.591,16",MN1061091,27/09/2023,"2.591,16","0,00","0,00"
8,V COMERCIO DE ALIMENTOS EIRELI 41426-0,"0,00",22/09/2023,"683,00",11061641,22/09/2023,"683,00","0,00","0,00"
9,V COMERCIO DE ALIMENTOS EIRELI 41427-8,"0,00",29/09/2023,"683,01",11061642,29/09/2023,"683,01","0,00","0,00"
10,VERDUREIRA DA BARRA LTDA 41407-0,"0,00",27/09/2023,"1.239,00",11061351,27/09/2023,"1.239,00","0,00","0,00"
11,VILSON BRANDAO 41402-4,"0,00",25/09/2023,"337,12",MN1061321,27/09/2023,"337,12","0,00","0,00"
13,41445-0,"0,00",29/09/2023,"661,05",11061871,29/09/2023,"661,05","0,00","0,00"
16,41446-8,"0,00",29/09/2023,"812,15",11061881,29/09/2023,"812,15","0,00","0,00"
19,41454-7,"0,00",29/09/2023,"1.516,62",MN1062021,29/09/2023,"1.516,62","0,00","0,00"
22,41452-2,"0,00",29/09/2023,"1.110,22",11061941,29/09/2023,"1.110,22","0,00","0,00"
24,MERCADINHO E ACOUGUE THAIS LTDA 41453-0,"0,00",29/09/2023,"297,17",MN1061971,29/09/2023,"297,17","0,00","0,00"
25,MOACIR IRINEU DA SILVA LTDA 41459-3,"0,00",29/09/2023,"867,06",11062041,29/09/2023,"867,06","0,00","0,00"
26,ORLANDO MUSSI FARAH & CIA LTDA 41490-2,"0,00",26/09/2023,"745,23",11062491,09/10/2023,"745,23","0,00","0,00"
